Ref #;Project Name;Countries;Theme;Project Size;ESS Category;FA Financing;url;project_page
FP154;Mongolia: Aimags and Soums Green Regional Development Investment Program (ASDIP);Mongolia;Cross-cutting;Large;Category B;175000000.0;https://www.greenclimate.fund/sites/default/files/document/funding-proposal-fp154.pdf;https://www.greenclimate.fund/project/fp154
FP077;Ulaanbaatar Green Affordable Housing and Resilient Urban Renewal Project (AHURP);Mongolia;Cross-cutting;Large;Category B;145000000.0;https://www.greenclimate.fund/sites/default/files/document/funding-proposal-fp077-adb-mongolia.pdf;https://www.greenclimate.fund/project/fp077
FP082;Catalyzing Climate Finance (Shandong Green Development Fund);China;Cross-cutting;Large;Intermediation 1;100000000.0;https://www.greenclimate.fund/sites/default/files/document/funding-proposal-fp082-adb-china.pdf;https://www.greenclimate.fund/project/fp082
FP270;Climate Adaptive Irrigation and Sustainable Agriculture for Resilience (CAISAR) in Cambodia;Cambodia;Cross-cutting;Medium;Category A;80000000.0;https://www.greenclimate.fund/sites/default/files/document/funding-proposal-fp270.pdf;https://www.greenclimate.fund/project/fp270
FP248;Land-based Mitigation and Adaptation through a Jurisdictional Approach in West Kalimantan;Indonesia;Cross-cutting;Medium;Category B;68478845.34;https://www.greenclimate.fund/sites/default/files/document/fp248.pdf;https://www.greenclimate.fund/project/fp248
FP207;Recharge Pakistan: Building Pakistan’s resilience to climate change through Ecosystem-based Adaptation (EbA) and Green Infrastructure for integrated flood risk management;Pakistan;Adaptation;Medium;Category B;66000005.0;https://www.greenclimate.fund/sites/default/files/document/fp207-wwf-pakistan-rev.pdf;https://www.greenclimate.fund/project/fp207
FP040;Tajikistan: Scaling Up Hydropower Sector Climate Resilience;Tajikistan;Adaptation;Medium;Category B;50000000.0;https://www.greenclimate.fund/sites/default/files/document/funding-proposal-fp040-ebrd-tajikistan.pdf;https://www.greenclimate.fund/project/fp040
FP214;Thai Rice: Strengthening Climate-Smart Rice Farming;Thailand;Cross-cutting;Medium;Category B;43946308.26;https://www.greenclimate.fund/sites/default/files/document/fp214-giz-thailand_1.pdf;https://www.greenclimate.fund/project/fp214
FP084;Enhancing climate resilience of India’s coastal communities;India;Cross-cutting;Medium;Category B;43418606.0;https://www.greenclimate.fund/sites/default/files/document/funding-proposal-fp084-undp-india.pdf;https://www.greenclimate.fund/project/fp084
FP206;Resilient Homestead and Livelihood support to the vulnerable coastal people of Bangladesh (RHL);Bangladesh;Adaptation;Small;Category B;42201200.0;https://www.greenclimate.fund/sites/default/files/document/fp206-pksf-bangladesh_0.pdf;https://www.greenclimate.fund/project/fp206
FP004;Climate Resilient Infrastructure Mainstreaming (CRIM);Bangladesh;Adaptation;Medium;Category B;40000000.0;https://www.greenclimate.fund/sites/default/files/document/funding-proposal-fp004-kfw-bangladesh.pdf;https://www.greenclimate.fund/project/fp004
FP076;Climate-Friendly Agribusiness Value Chains Sector Project;Cambodia;Cross-cutting;Medium;Category B;40000000.0;https://www.greenclimate.fund/sites/default/files/document/funding-proposal-fp076-adb-cambodia.pdf;https://www.greenclimate.fund/project/fp076
FP124;Strengthening Climate Resilience of Subsistence Farmers and Agricultural Plantation Communities residing in the vulnerable river basins, watershed areas and downstream of the Knuckles Mountain Range Catchment of Sri Lanka;Sri Lanka;Adaptation;Small;Category B;39775000.0;https://www.greenclimate.fund/sites/default/files/document/funding-proposal-fp124.pdf;https://www.greenclimate.fund/project/fp124
FP118;Building a Resilient Churia Region in Nepal (BRCRN);Nepal;Cross-cutting;Small;Category B;39299905.0;https://www.greenclimate.fund/sites/default/files/document/funding-proposal-fp118-fao-nepal.pdf;https://www.greenclimate.fund/project/fp118
FP233;Community-based Agriculture Support Programme ‘plus’ (CASP+);Tajikistan;Cross-cutting;Medium;Category B;39000000.0;https://www.greenclimate.fund/sites/default/files/document/approved-funding-proposal-fp233.pdf;https://www.greenclimate.fund/project/fp233
FP200;Scaling up the implementation of the Lao PDR Emission Reductions Programme through improved governance and sustainable forest landscape management (Project 2);Lao People's Democratic Republic (the);Cross-cutting;Small;Category B;37786348.73;https://www.greenclimate.fund/sites/default/files/document/fp200-giz-lao-pdr_0.pdf;https://www.greenclimate.fund/project/fp200
FP199;Public-Social-Private Partnerships for Ecologically-Sound Agriculture and Resilient Livelihood in Northern Tonle Sap Basin (PEARL);Cambodia;Adaptation;Small;Category B;36231981.0;https://www.greenclimate.fund/sites/default/files/document/fp199-fao-cambodia_0.pdf;https://www.greenclimate.fund/project/fp199
FP272;Protecting livelihoods and assets at risk from Glacial Lake Outburst Floods (GLOFs) and climate change-induced flooding in glacial river basins of Nepal;Nepal;Adaptation;Small;Category B;36158230.0;https://www.greenclimate.fund/sites/default/files/document/funding-proposal-fp272.pdf;https://www.greenclimate.fund/project/fp272
FP108;Transforming the Indus Basin with Climate Resilient Agriculture and Water Management;Pakistan;Adaptation;Small;Category B;34990832.0;https://www.greenclimate.fund/sites/default/files/document/funding-proposal-fp108-fao-pakistan.pdf;https://www.greenclimate.fund/project/fp108
FP045;Ground Water Recharge and Solar Micro Irrigation to Ensure Food Security and Enhance Resilience in Vulnerable Tribal Areas of Odisha;India;Adaptation;Medium;Category B;34357000.0;https://www.greenclimate.fund/sites/default/files/document/funding-proposal-fp045-nabard-india.pdf;https://www.greenclimate.fund/project/fp045
FP125;Strengthening the resilience of smallholder agriculture to climate change-induced water insecurity in the Central Highlands and South-Central Coast regions of Vietnam;Viet Nam;Adaptation;Medium;Category B;30205367.0;https://www.greenclimate.fund/sites/default/files/document/funding-proposal-fp125.pdf;https://www.greenclimate.fund/project/fp125
FP116;Carbon Sequestration through Climate Investment in Forests and Rangelands in Kyrgyz Republic (CS-FOR);Kyrgyzstan;Cross-cutting;Small;Category B;29988520.0;https://www.greenclimate.fund/sites/default/files/document/funding-proposal-fp116-fao-kyrgyzstan.pdf;https://www.greenclimate.fund/project/fp116
FP131;Improving Climate Resilience of Vulnerable Communities and Ecosystems in the Gandaki River Basin, Nepal;Nepal;Cross-cutting;Small;Category B;27404139.0;https://www.greenclimate.fund/sites/default/files/document/fp131-iucn-nepal_0.pdf;https://www.greenclimate.fund/project/fp131
FP050;Bhutan for life;Bhutan;Cross-cutting;Medium;Category B;26557354.0;https://www.greenclimate.fund/sites/default/files/document/funding-proposal-fp050-wwf-bhutan.pdf;https://www.greenclimate.fund/project/fp050
FP201;Adapting Philippine Agriculture to Climate Change (APA);Philippines (the);Cross-cutting;Small;Category B;26273510.0;https://www.greenclimate.fund/sites/default/files/document/fp201-fao-philippines_0.pdf;https://www.greenclimate.fund/project/fp201
FP107;Supporting Climate Resilience and Transformational Change in the Agriculture Sector in Bhutan;Bhutan;Adaptation;Medium;Category B;25347194.0;https://www.greenclimate.fund/sites/default/files/document/funding-proposal-fp107-undp-bhutan.pdf;https://www.greenclimate.fund/project/fp107
FP165;Building Climate Resilient Safer Islands in the Maldives;Maldives;Adaptation;Medium;Category B;25097880.0;https://www.greenclimate.fund/sites/default/files/document/funding-proposal-fp165.pdf;https://www.greenclimate.fund/project/fp165
FP141;Improving Adaptive Capacity and Risk Management of Rural communities in Mongolia;Mongolia;Adaptation;Medium;Category B;23101276.0;https://www.greenclimate.fund/sites/default/files/document/fp141-undp-mongolia_0.pdf;https://www.greenclimate.fund/project/fp141
FP109;Safeguarding rural communities and their physical and economic assets from climate  induced disasters in Timor-Leste;Timor-Leste;Adaptation;Medium;Category B;22356805.0;https://www.greenclimate.fund/sites/default/files/document/funding-proposal-fp109-undp-timor-leste.pdf;https://www.greenclimate.fund/project/fp109
FP171;Enhancing Early Warning Systems to build greater resilience to hydro-meteorological hazards in Timor-Leste;Timor-Leste;Adaptation;Small;Category C;20980722.33;https://www.greenclimate.fund/sites/default/files/document/funding-proposal-fp171.pdf;https://www.greenclimate.fund/project/fp171
FP070;Global Clean Cooking Program – Bangladesh;Bangladesh;Cross-cutting;Medium;Category B;20000000.0;https://www.greenclimate.fund/sites/default/files/document/funding-proposal-fp070-world-bank-bangladesh.pdf;https://www.greenclimate.fund/project/fp070
FP170;Enhancing climate resilience in Thailand through effective water management and sustainable agriculture;Thailand;Adaptation;Small;Category B;17533500.0;https://www.greenclimate.fund/sites/default/files/document/funding-proposal-fp170.pdf;https://www.greenclimate.fund/project/fp170
FP067;Building climate resilience of vulnerable and food insecure communities through capacity strengthening and livelihood diversification in mountainous regions of Tajikistan;Tajikistan;Adaptation;Micro;Category C;9273586.0;https://www.greenclimate.fund/sites/default/files/document/funding-proposal-fp067-wfp-tajikistan.pdf;https://www.greenclimate.fund/project/fp067
FP075;Institutional Development of the State Agency for Hydrometeorology of Tajikistan;Tajikistan;Adaptation;Micro;Category B;5000000.0;https://www.greenclimate.fund/sites/default/files/document/funding-proposal-fp075-adb-tajikistan.pdf;https://www.greenclimate.fund/project/fp075